{"timestamp":1743871677,"btc_usd":82713.86388781678,"source":"VWAP"}
{"timestamp":1743873042,"btc_usd":82681.2829263429,"source":"VWAP"}
{"timestamp":1743879076,"btc_usd":83029.13144728098,"source":"VWAP"}
{"timestamp":1743881834,"btc_usd":82973.46440662665,"source":"VWAP"}
{"timestamp":1743884939,"btc_usd":83013.34201829652,"source":"VWAP"}
{"timestamp":1743887470,"btc_usd":83031.61103373596,"source":"VWAP"}
{"timestamp":1743889586,"btc_usd":83025.17077351459,"source":"VWAP"}
{"timestamp":1743889781,"btc_usd":82976.54065633603,"source":"VWAP"}
{"timestamp":1743932001,"btc_usd":83033.96069641062,"source":"VWAP"}
{"timestamp":1743932842,"btc_usd":83062.38320271065,"source":"VWAP"}
{"timestamp":1743940834,"btc_usd":82790.05266499815,"source":"VWAP"}
{"timestamp":1743956505,"btc_usd":82269.9869859051,"source":"VWAP"}
{"timestamp":1743956635,"btc_usd":82288.89119885842,"source":"VWAP"}
{"timestamp":1743971225,"btc_usd":79332.50198692128,"source":"VWAP"}
