{"timestamp":1743871677,"btc_usd":82713.86388781678,"source":"VWAP"}
{"timestamp":1743873042,"btc_usd":82681.2829263429,"source":"VWAP"}
{"timestamp":1743879076,"btc_usd":83029.13144728098,"source":"VWAP"}
{"timestamp":1743881834,"btc_usd":82973.46440662665,"source":"VWAP"}
{"timestamp":1743884939,"btc_usd":83013.34201829652,"source":"VWAP"}
{"timestamp":1743887470,"btc_usd":83031.61103373596,"source":"VWAP"}
{"timestamp":1743889586,"btc_usd":83025.17077351459,"source":"VWAP"}
{"timestamp":1743889781,"btc_usd":82976.54065633603,"source":"VWAP"}
{"timestamp":1743932001,"btc_usd":83033.96069641062,"source":"VWAP"}
{"timestamp":1743932842,"btc_usd":83062.38320271065,"source":"VWAP"}
{"timestamp":1743940834,"btc_usd":82790.05266499815,"source":"VWAP"}
{"timestamp":1743956505,"btc_usd":82269.9869859051,"source":"VWAP"}
{"timestamp":1743956635,"btc_usd":82288.89119885842,"source":"VWAP"}
{"timestamp":1743971225,"btc_usd":79332.50198692128,"source":"VWAP"}
{"timestamp":1744021386,"btc_usd":77306.86586403736,"source":"VWAP"}
{"timestamp":1744021663,"btc_usd":77099.03947949033,"source":"VWAP"}
{"timestamp":1744043432,"btc_usd":78262.18162076136,"source":"VWAP"}
{"timestamp":1744043612,"btc_usd":78467.8273141416,"source":"VWAP"}
{"timestamp":1744043792,"btc_usd":78327.06028037598,"source":"VWAP"}
{"timestamp":1744047425,"btc_usd":78696.85197192851,"source":"VWAP"}
{"timestamp":1744052792,"btc_usd":78405.77476963229,"source":"VWAP"}
{"timestamp":1744053002,"btc_usd":78293.98187398992,"source":"VWAP"}
{"timestamp":1744053212,"btc_usd":78396.85974218634,"source":"VWAP"}
{"timestamp":1744053422,"btc_usd":78465.09609830957,"source":"VWAP"}
{"timestamp":1744053632,"btc_usd":78598.70762460551,"source":"VWAP"}
{"timestamp":1744053758,"btc_usd":78667.63420504532,"source":"VWAP"}
{"timestamp":1744102351,"btc_usd":79044.30079547163,"source":"VWAP"}
{"timestamp":1744102561,"btc_usd":79157.89572193581,"source":"VWAP"}
{"timestamp":1744102771,"btc_usd":79154.67287005088,"source":"VWAP"}
{"timestamp":1744102981,"btc_usd":79063.10926933694,"source":"VWAP"}
{"timestamp":1744103191,"btc_usd":79103.86492609783,"source":"VWAP"}
{"timestamp":1744103401,"btc_usd":79200.75277210523,"source":"VWAP"}
